"","DIAMETER","TREAT","SITE","PLOT","REP","SPP","DBH","stem.bio","branch.bio","new.bio","tot.s.b.n","total.agb"
"1",1.3378,"Subsidence","ALY",1,1,"salix",NA,37.8867846718166,8.67375287240785,5.86533992622691,52.4258774704514,53.6178011161591
"2",1.1976,"Subsidence","ALY",1,2,"salix",NA,27.6351258997938,6.18136042340681,4.60765639787453,38.4241427210751,39.1962289105837
"3",0.7092,"Subsidence","ALY",1,3,"salix",NA,6.20817177974224,1.24394821822648,1.47040243667084,8.92252243463956,8.89810291328039
"4",0.8118,"Subsidence","ALY",1,4,"salix",NA,9.12436473796179,1.88089296349602,1.97405528580505,12.9793129872629,13.0425566015859
"5",1.234,"Subsidence","ALY",1,5,"salix",NA,30.0968510336558,6.77445538016128,4.91844067229842,41.7897470861155,42.6622571496954
"6",0.4726,"Subsidence","ALY",2,1,"salix",NA,1.95245012118888,0.359253305598469,0.606955278551497,2.91865870533885,2.82123424708864
"7",0.7616,"Subsidence","ALY",2,2,"salix",NA,7.60667076573245,1.54715711979429,1.71761216822202,10.8714400537488,10.8870233478621
"8",0.9208,"Subsidence","ALY",2,3,"salix",NA,13.0660401639939,2.76564127749868,2.59800968772729,18.4296911292199,18.6298670767291
"9",1.3312,"Subsidence","ALY",2,4,"salix",NA,37.3565089855855,8.54347441804195,5.80244192648907,51.7024253301166,52.8725785994978
"10",1.0652,"Subsidence","ALY",2,5,"salix",NA,19.7902669856776,4.31906102900578,3.56911312157166,27.678441136255,28.1353358490536
"11",3.7038,"Subsidence","ALY",3,2,"salix",NA,690.109977673752,195.664227074656,54.0022678561714,939.77647260458,956.961420168497
"12",2.433,"Subsidence","ALY",3,1,"salix",NA,208.342496576216,54.0810171657539,21.604796825251,284.028310567221,291.342669641175
"13",1.4916,"Subsidence","ALY",3,3,"salix",NA,51.6632973943313,12.1011394185413,7.43571209447349,71.2001489073461,72.9555183621483
"14",0.6318,"Subsidence","ALY",3,4,"salix",NA,4.4660622795395,0.87342102082083,1.14294139970892,6.48242470006925,6.41596898985958
"15",0.4894,"Subsidence","ALY",3,5,"salix",NA,2.15682621686657,0.39978061424024,0.65497968912887,3.21158652023568,3.1143753130587
"16",0.9114,"Subsidence","ALY",4,1,"salix",NA,12.6894726104024,2.68015315532097,2.54054014480878,17.9101659105321,18.0966616187625
"17",1.1316,"Subsidence","ALY",4,2,"salix",NA,23.5124415591618,5.19697216390406,4.07203024983422,32.7814439729001,33.3866576561314
"18",0.8646,"Subsidence","ALY",4,3,"salix",NA,10.9193368188651,2.2808913880058,2.2647360489835,15.4649642558544,15.5886688512256
"19",0.8572,"Subsidence","ALY",4,4,"salix",NA,10.6550873973738,2.22167953644186,2.22269310863656,15.0994600424522,15.2140362493924
"20",2.8466,"Burned","ALY",1,1,"salix",NA,325.914154145796,87.4357258569713,30.4222996140074,443.772179616775,454.324091257256
"21",1.4212,"Burned","ALY",1,3,"salix",NA,45.0132292343987,10.4369813243632,6.69188890519446,62.1420994639564,63.6262224951638
"22",0.834,"Burned","ALY",1,4,"salix",NA,9.85362653391951,2.04276361112083,2.09364179478303,13.9900319398234,14.0773805353006
"23",1.1828,"Burned","ALY",1,5,"salix",NA,26.6728918322675,5.95057076824104,4.48442802088572,37.1078906213943,37.8408559131999
"24",0.823,"Burned","ALY",2,2,"salix",NA,9.48773145932061,1.96143307198233,2.03391139653658,13.4830759278395,13.5582444817842
"25",0.8738,"Burned","ALY",2,4,"salix",NA,11.2537475508208,2.35597588865989,2.31760082632854,15.9273242658092,16.0626797774604
"26",0.7168,"Burned","ALY",2,5,"salix",NA,6.3996635742908,1.28519156860265,1.50497062002235,9.18982576291581,9.17061070062304
"27",1.964,"Burned","ALY",3,1,"salix",NA,113.168635988551,28.0842569164632,13.5459298732275,154.798822778242,158.932357448246
"28",0.5336,"Burned","ALY",3,3,"salix",NA,2.75954793969344,0.520871277787653,0.790844099342911,4.071263316824,3.97779777360534
"29",0.5724,"Burned","ALY",3,2,"salix",NA,3.37067426379384,0.645670360749095,0.92160659038332,4.93795121492626,4.8519002782517
"30",1.4464,"Burned","ALY",3,4,"salix",NA,47.3254585865122,11.0136822355983,6.95327057641929,65.2924113985299,66.8710490533691
"31",1.3304,"Burned","ALY",3,5,"salix",NA,37.2925625448794,8.527773184346,5.79484286487553,51.615178594101,52.782706524418
"32",0.7842,"Burned","ALY",4,3,"salix",NA,8.26778818490625,1.6919834945541,1.83067350360326,11.7904451830636,11.8263268765763
"33",1.2068,"Burned","ALY",4,1,"salix",NA,28.2444721544241,6.32781859785616,4.68516991960204,39.2574606718823,40.0543630972791
"34",1.2504,"Burned","ALY",4,2,"salix",NA,31.2508909816745,7.0537462258612,5.0620581846885,43.3666953922242,44.286412219435
"35",0.526,"Burned","ALY",4,5,"salix",NA,2.64900162316567,0.498501391682456,0.766494973653301,3.91399798850142,3.81954457866928
"36",0.5652,"Unburned","ALY",1,1,"salix",NA,3.25123970578721,0.621138697024359,0.896522271769427,4.76890067458099,4.6811657697616
"37",0.6494,"Unburned","ALY",1,3,"salix",NA,4.82984133288132,0.950030586837273,1.21349270191576,6.99336462163435,6.93476409137109
"38",0.7128,"Unburned","ALY",1,4,"salix",NA,6.29840775265514,1.26337166571155,1.48672264171292,9.0485020600796,9.02652299366984
"39",0.4132,"Unburned","ALY",1,5,"salix",NA,1.33146497084165,0.238177402849914,0.452887017184942,2.02252939087651,1.92910387115361
"40",0.749,"Unburned","ALY",2,1,"salix",NA,7.25347358832171,1.4701591801453,1.65626853573613,10.3799013042031,10.3849753797435
"41",0.8228,"Unburned","ALY",2,3,"salix",NA,9.48116184648477,1.95997487441009,2.0328340475386,13.4739707684335,13.5489221729999
"42",0.3294,"Unburned","ALY",2,4,"salix",NA,0.697886984469192,0.119037609864022,0.276310778049815,1.09323537238303,1.01573332309463
"43",0.5224,"Unburned","ALY",2,5,"salix",NA,2.59765746505369,0.488134712871918,0.755104912802661,3.84089709072826,3.74602691447366
"44",0.5066,"Unburned","ALY",3,1,"salix",NA,2.37995437849821,0.444350287464786,0.706204520679794,3.53050918664279,3.43419065431304
"45",0.8148,"Unburned","ALY",3,2,"salix",NA,9.22079276571938,1.9022435499058,1.98999329602459,13.1130296116498,13.1794204995206
"46",0.7874,"Unburned","ALY",3,3,"salix",NA,8.36430331692592,1.71319955912347,1.84699782413183,11.9245007001812,11.9634086775755
"47",0.8254,"Unburned","ALY",3,4,"salix",NA,9.56679741513653,1.97898844970455,2.04686368884218,13.5926495536833,13.670435867999
"48",1.7816,"Unburned","ALY",4,2,"salix",NA,85.7199551312892,20.8415119776623,10.9528372333266,117.514304342278,120.618744752322
"49",0.825,"Unburned","ALY",4,3,"salix",NA,9.5535901691318,1.97605523794926,2.04470188266415,13.5743472897452,13.65169577543
"50",0.4686,"Unburned","ALY",4,5,"salix",NA,1.90572119320112,0.350029774178334,0.595812168477553,2.85156313585701,2.7541804526788
"51",2.4902,"Subsidence","HEATHER",5,1,"salix",NA,222.607814358698,58.0666455556247,22.7274655311844,303.401925445507,311.146410121803
"52",1.1702,"Subsidence","HEATHER",5,2,"salix",NA,25.8710539030542,5.75871896718341,4.38094088971395,36.0107137599515,36.7111502782687
"53",2.4424,"Subsidence","HEATHER",5,3,"salix",NA,210.644783603343,54.7229346363135,21.7871786250018,287.154896864658,294.539433052958
"54",3.5348,"Subsidence","HEATHER",5,4,"salix",NA,604.105327324114,169.608036979995,48.7748288353879,822.488193139497,838.48334835079
"55",2.7872,"Subsidence","HEATHER",5,5,"salix",NA,306.903635891609,81.9718026784629,29.0554040822546,417.930842652327,428.003917878866
"56",0.904,"Subsidence","HEATHER",6,1,"salix",NA,12.3980356389926,2.61411925020211,2.49578728286672,17.5079421720615,17.683921786771
"57",2.7178,"Subsidence","HEATHER",6,2,"salix",NA,285.622694807504,75.8849287239064,27.5013825102927,389.009006041704,398.526711954142
"58",1.1736,"Subsidence","HEATHER",6,3,"salix",NA,26.0858589076704,5.81007189577171,4.40873717024175,36.3046679736839,37.0138118098166
"59",1.6742,"Subsidence","HEATHER",6,4,"salix",NA,71.7998878214649,17.2306019993239,9.56445845316568,98.5949482739545,101.157175045034
"60",3.4382,"Subsidence","HEATHER",6,5,"salix",NA,558.234394448037,155.820026575806,45.9158116249893,759.970232648833,775.245121575012
"61",0.8482,"Subsidence","HEATHER",7,5,"salix",NA,10.3393423991759,2.15107076785289,2.17213399977997,14.6625471668087,14.7663115069316
"62",1.1688,"Subsidence","HEATHER",8,2,"salix",NA,25.7829396410019,5.73766276788332,4.36952301717165,35.8901254260569,36.5869916654807
"63",1.2058,"Subsidence","HEATHER",8,3,"salix",NA,28.1778206295776,6.31178727254797,4.67671062456738,39.166318526693,39.9605050247036
"64",1.6206,"Subsidence","HEATHER",8,4,"salix",NA,65.4408575978162,15.5976098076798,8.9095077181499,89.9479751236458,92.2581069425246
"65",0.9538,"Subsidence","HEATHER",8,5,"salix",NA,14.4452881738122,3.08027429279599,2.80528727986307,20.3308497464712,20.5819319231181
"66",0.8482,"Burned","HEATHER",7,5,"salix",NA,10.3393423991759,2.15107076785289,2.17213399977997,14.6625471668087,14.7663115069316
"67",1.2222,"Burned","HEATHER",7,1,"salix",NA,29.2838618812495,6.57817424262024,4.81648883709564,40.6785249609653,41.5178234551828
"68",1.0388,"Burned","HEATHER",7,2,"salix",NA,18.4242104329987,3.99979503809857,3.37909203243076,25.803097503528,26.2063972555497
"69",0.7768,"Burned","HEATHER",7,3,"salix",NA,8.04737281773393,1.64360026149917,1.79322374879784,11.4841968280309,11.5132255024295
"70",1.271,"Burned","HEATHER",7,4,"salix",NA,32.7406783038957,7.41541366048984,5.24563042055963,45.4017223849452,46.3824660372191
"71",0.8242,"Burned","HEATHER",5,2,"salix",NA,9.52721119580645,1.97019759751514,2.04038197958453,13.5377907729061,13.6142654441995
"72",1.766,"Burned","HEATHER",5,3,"salix",NA,83.5980883373396,20.2881075121857,10.7448439714075,114.631039820933,117.653704473317
"73",1.9032,"Burned","HEATHER",5,4,"salix",NA,103.467385784312,25.5077616857653,12.648424836992,141.623572307069,145.399482676235
"74",1.3626,"Burned","HEATHER",5,5,"salix",NA,39.9229614775729,9.17523623504207,6.10496906254934,55.2031667751643,56.4786692867713
"75",1.2408,"Burned","HEATHER",5,1,"salix",NA,30.5719358955005,6.88933747878766,4.97771789440229,42.4389912686904,43.3309267969453
"76",0.7714,"Burned","HEATHER",6,1,"salix",NA,7.8889610527118,1.60888750786122,1.76615978716602,11.264008347739,11.2881635441002
"77",1.6534,"Burned","HEATHER",6,2,"salix",NA,69.2867137659999,16.5838924973871,9.30731223601741,95.1779184994044,97.6408335729963
"78",2.336,"Burned","HEATHER",6,3,"salix",NA,185.532690751304,47.750385665563,19.7711156651217,253.054192081989,259.657014877745
"79",1.8624,"Burned","HEATHER",6,4,"salix",NA,97.2704215528768,23.8711457610362,12.0647811472767,133.20634846119,136.75033924268
"80",0.7936,"Burned","HEATHER",6,5,"salix",NA,8.55337636295945,1.7548139369207,1.87884955373186,12.187039853612,12.2319197337575
"81",0.9344,"Burned","HEATHER",8,1,"salix",NA,13.6235853978013,2.89254721766887,2.68239022578526,19.1985228412554,19.4191329654097
"82",1.2614,"Burned","HEATHER",8,2,"salix",NA,32.0408043130318,7.24535463511624,5.15964178426963,44.4458007324176,45.3978647448479
"83",0.783,"Burned","HEATHER",8,3,"salix",NA,8.23178228109822,1.68407329784724,1.82457210270109,11.7404276816465,11.7751843151798
"84",0.9604,"Burned","HEATHER",8,4,"salix",NA,14.731992362053,3.1459627875849,2.84777766172229,20.7257328113602,20.9875389721122
"85",0.637,"Burned","HEATHER",8,5,"salix",NA,4.57162117603489,0.895605312255473,1.16354812730798,6.63077461559835,6.56653888985661
"86",0.7484,"Unburned","HEATHER",5,4,"salix",NA,7.23692585651631,1.46655839808293,1.65337751385587,10.3568617684551,10.3614496574921
"87",0.411,"Unburned","HEATHER",5,5,"salix",NA,1.31136034281547,0.234318173248339,0.447646878777455,1.99332539484127,1.90017798907272
"88",0.3082,"Unburned","HEATHER",6,2,"salix",NA,0.57735889561363,0.097113109277521,0.239009702868534,0.913481707759684,0.841430562569883
"89",0.9622,"Unburned","HEATHER",6,4,"salix",NA,14.810820154011,3.16404008441676,2.85942597260753,20.8342862110353,21.0990487186343
"90",0.4554,"Unburned","HEATHER",7,1,"salix",NA,1.7566813009786,0.320724885222816,0.559831313189926,2.63723749939134,2.54023673131274
"91",0.4752,"Unburned","HEATHER",7,2,"salix",NA,1.98321904661146,0.365335503985719,0.61425826782165,2.96281281841883,2.86538002914784
"92",0.3568,"Unburned","HEATHER",7,3,"salix",NA,0.876362254270427,0.152009253353753,0.328886882853376,1.35725839047756,1.27345686955223
"93",0.2022,"Unburned","HEATHER",7,4,"salix",NA,0.173679729739732,0.0267387019820919,0.0953593536553022,0.295777785377126,0.255259894395602
"94",0.3148,"Unburned","HEATHER",7,5,"salix",NA,0.613298377966114,0.103618249810439,0.250308781834132,0.967225409610685,0.893429308558265
"95",0.4302,"Unburned","HEATHER",8,1,"salix",NA,1.49359726890159,0.269452017997323,0.494494965336566,2.25754425223548,2.16226628321903
"96",0.6372,"Unburned","HEATHER",8,2,"salix",NA,4.57571313982006,0.896466046517159,1.16434467512668,6.6365238614639,6.57237519887103
"97",0.4644,"Unburned","HEATHER",8,3,"salix",NA,1.85744368353731,0.340518070484816,0.584232091953881,2.78219384597601,2.68489239342488
"98",0.5622,"Unburned","HEATHER",8,4,"salix",NA,3.20229805220697,0.611105190207704,0.886180976766224,4.69958421918089,4.61118990090084
"99",0.5372,"Unburned","HEATHER",8,5,"salix",NA,2.81293997537243,0.531699399964466,0.802521872373811,4.14716124771071,4.05421539533755
"100",1.4268,"Subsidence","INGRID",13,1,"salix",NA,45.5205698842548,10.5633358031167,6.74950538974832,62.8334110771199,64.3382882423208
"101",1.3292,"Subsidence","INGRID",13,2,"salix",NA,37.1967761802717,8.50425777519119,5.78345437868341,51.4844883341463,52.6480837264783
"102",0.6778,"Subsidence","INGRID",13,3,"salix",NA,5.4564767924949,1.08298087030493,1.33217659612954,7.87163425892937,7.82779339946094
"103",0.6534,"Subsidence","INGRID",13,4,"salix",NA,4.91511150177798,0.96805077325589,1.22984645246088,7.11300872749474,7.05632971452909
"104",1.1168,"Subsidence","INGRID",14,1,"salix",NA,22.646586925462,4.99177197092919,3.95682435814664,31.5951832545378,32.1656494159697
"105",1.064,"Subsidence","INGRID",14,2,"salix",NA,19.7267932659038,4.30418945857997,3.56035364493664,27.5913363694204,28.0457290695687
"106",0.7686,"Subsidence","INGRID",14,3,"salix",NA,7.8076248369219,1.59108419302031,1.75221428939816,11.1509233193404,11.1725936315773
"107",0.7514,"Subsidence","INGRID",14,4,"salix",NA,7.31991009784377,1.48462182806397,1.66785996780149,10.4723918937092,10.4794236275117
"108",0.5446,"Subsidence","INGRID",14,5,"salix",NA,2.92478616028621,0.554431079325633,0.826817457328018,4.30603469693986,4.21426304573584
"109",1.1216,"Subsidence","INGRID",15,1,"salix",NA,22.9250955972256,5.05771414382051,3.99399236550653,31.9768021065527,32.5584310742518
"110",1.5734,"Subsidence","INGRID",15,2,"salix",NA,60.153987217862,14.2487833849869,8.3535240432938,82.7562946461428,84.8548577763378
"111",0.8552,"Subsidence","INGRID",15,3,"salix",NA,10.5843885997211,2.20585588907111,2.2114033238551,15.0016478126473,15.1137939160142
"112",0.6884,"Subsidence","INGRID",15,4,"salix",NA,5.70320929208365,1.13564615448632,1.37801348472491,8.21686893129488,8.1792138962571
"113",0.6284,"Subsidence","INGRID",15,5,"salix",NA,4.39790613795522,0.859117761254809,1.1295754723181,6.38659937152813,6.318737390901
"114",1.333,"Subsidence","INGRID",16,1,"salix",NA,37.5006486156142,8.57887332629192,5.81955952564082,51.8990814675469,53.0751524176203
"115",1.022,"Subsidence","INGRID",16,2,"salix",NA,17.5876537324771,3.80513210581178,3.26109418382611,24.653880022115,25.0246471319615
"116",0.724,"Subsidence","INGRID",16,3,"salix",NA,6.5845752801299,1.32510413907615,1.53812086436852,9.44780028357458,9.43370018101155
"117",0.7872,"Subsidence","INGRID",16,4,"salix",NA,8.3582498081515,1.71186833756975,1.84597525571425,11.9160934014355,11.9548111214368
"118",0.7646,"Subsidence","INGRID",16,5,"salix",NA,7.69237752958531,1.56588165664125,1.73239590808225,10.9906550943088,11.0088252588755
"119",1.0922,"Burned","INGRID",13,1,"salix",NA,21.2536754428416,4.66288435851945,3.76928628643741,29.6858460877984,30.2007045361989
"120",0.9122,"Burned","INGRID",13,2,"salix",NA,12.7212429575306,2.68735849721371,2.54540408679429,17.9540055415386,18.1416514761644
"121",1.1646,"Burned","INGRID",13,3,"salix",NA,25.5197663030956,5.67480525768277,4.33536614642417,35.5299377072025,36.2161458854659
"122",2.6912,"Burned","INGRID",14,1,"salix",NA,277.727496796507,73.6350657209662,26.9179890797995,378.280551597273,387.586849992575
"123",0.4278,"Burned","INGRID",14,2,"salix",NA,1.46997205026029,0.264878547048599,0.488500811986688,2.22335140929558,2.12830240231552
"124",0.9608,"Burned","INGRID",14,3,"salix",NA,14.7494860545035,3.14997393979343,2.85036395113359,20.7498239454305,21.012285899522
"125",0.6108,"Burned","INGRID",14,4,"salix",NA,4.05587988121628,0.787591508008584,1.06174511350839,5.90521650273325,5.83063932616412
"126",0.6874,"Burned","INGRID",14,5,"salix",NA,5.67962952036918,1.13060565418057,1.37365338165415,8.1838885562039,8.14563397007717
"127",1.1608,"Burned","INGRID",16,1,"salix",NA,25.2831651765119,5.61833511976596,4.30458729750872,35.2060875937866,35.8827209363899
"128",1.0424,"Burned","INGRID",16,2,"salix",NA,18.6067662284914,4.04236262884601,3.40467284518872,26.0538017025261,26.4642314928052
"129",0.9956,"Burned","INGRID",16,3,"salix",NA,16.3235564029039,3.51228504940546,3.08024630112447,22.9160877534339,23.2381826038892
"130",0.7974,"Burned","INGRID",16,4,"salix",NA,8.67061919485086,1.78065287741108,1.89851736282136,12.3497894350833,12.3984005218859
"131",0.5858,"Burned","INGRID",16,5,"salix",NA,3.60046464343971,0.693047597023706,0.969290619617285,5.2628028600807,5.18027287032973
"132",0.8588,"Unburned","INGRID",13,1,"salix",NA,10.7118665984904,2.23439333592071,2.23174734605544,15.1780072804666,15.2945388995623
"133",0.7898,"Unburned","INGRID",13,2,"salix",NA,8.43716752488001,1.72922861651868,1.85929255854735,12.025688699946,12.0668913779533
"134",0.603,"Unburned","INGRID",13,5,"salix",NA,3.91000392333134,0.757218076708075,1.03240982644341,5.69963182648283,5.6223764475184
"135",0.6136,"Unburned","INGRID",14,1,"salix",NA,4.10909425941986,0.798691701070668,1.07238431706475,5.98017027755528,5.90659876614996
"136",2.9136,"Unburned","INGRID",14,2,"salix",NA,348.255632866706,93.8870252707831,32.0049853730144,474.147643510503,485.242268847634
"137",0.5754,"Unburned","INGRID",14,3,"salix",NA,3.42126683616942,0.656081455089934,0.932169048201477,5.00951733946084,4.92421066090757
"138",0.3974,"Unburned","INGRID",14,5,"salix",NA,1.191440235874,0.211391372283512,0.415984481986674,1.81881609014418,1.72757447550072
"139",0.6374,"Unburned","INGRID",15,1,"salix",NA,4.57980748035705,0.897327337491314,1.16514151801773,6.64227633586609,6.57821486115396
"140",0.8624,"Unburned","INGRID",15,2,"salix",NA,10.8403370334499,2.26317827937461,2.25219224809097,15.3557075609154,15.4766757405461
"141",0.6472,"Unburned","INGRID",15,3,"salix",NA,4.78335488501321,0.940216426140954,1.2045486293686,6.92811994052276,6.86848424706536
"142",0.706,"Unburned","INGRID",15,4,"salix",NA,6.12867020178147,1.22685258747964,1.45597741174879,8.81150020100989,8.78494872813673
"143",0.603,"Unburned","INGRID",15,5,"salix",NA,3.91000392333134,0.757218076708075,1.03240982644341,5.69963182648283,5.6223764475184
"144",0.5822,"Unburned","INGRID",16,2,"salix",NA,3.53776211370601,0.680097116240928,0.956352037424362,5.1742112673713,5.09068537019774
"145",0.5532,"Unburned","INGRID",16,3,"salix",NA,3.05834899468414,0.581660326273717,0.855546310497994,4.49555563145585,4.40533026068805
"146",0.3458,"Unburned","INGRID",16,4,"salix",NA,0.80153791779928,0.138119330365679,0.307184193554136,1.2468414417191,1.16545804977287
"147",1.133,"Subsidence","MIKE",17,1,"salix",NA,23.595440888145,5.2166718917152,4.08302080176902,32.8951335816292,33.5036846364052
"148",0.7478,"Subsidence","MIKE",17,2,"salix",NA,7.22040264952093,1.46296355788791,1.65048922564171,10.3338554330505,10.3379584252243
"149",0.857,"Subsidence","MIKE",17,3,"salix",NA,10.6480037656095,2.22009374415125,2.2215627297353,15.089660239496,15.2039927283016
"150",0.8716,"Subsidence","MIKE",17,4,"salix",NA,11.1731835953446,2.3378718192138,2.30489917287327,15.8159545874317,15.9484934449754
"151",0.9284,"Subsidence","MIKE",17,5,"salix",NA,13.375744954646,2.83608668699312,2.64498355580161,18.8568151974407,19.0683164252175
"152",0.6758,"Subsidence","MIKE",18,1,"salix",NA,5.41071536059695,1.0732320944257,1.32362218488083,7.80756963990348,7.76260339077021
"153",0.8762,"Subsidence","MIKE",18,2,"salix",NA,11.3420645018474,2.37583315919474,2.33150027761593,16.0493979386581,16.1878481334927
"154",0.6844,"Subsidence","MIKE",18,3,"salix",NA,5.6092701413244,1.11557455678153,1.36061793375219,8.08546263185813,8.04542942690369
"155",0.8552,"Subsidence","MIKE",18,4,"salix",NA,10.5843885997211,2.20585588907111,2.2114033238551,15.0016478126473,15.1137939160142
"156",1.0344,"Subsidence","MIKE",18,5,"salix",NA,18.2026706984103,3.94817909176834,3.3479683590068,25.4988181491854,25.8934796209817
"157",0.916,"Subsidence","MIKE",19,1,"salix",NA,12.8728572569555,2.72176200648848,2.56857659914053,18.1631958625845,18.356341034061
"158",1.1868,"Subsidence","MIKE",19,2,"salix",NA,26.9307740304322,6.01236396452805,4.51755471301239,37.4606927079726,38.204133915436
"159",1.508,"Subsidence","MIKE",19,3,"salix",NA,53.298707436337,12.5129037242655,7.61509478861453,73.4267059492171,75.2484786137392
"160",1.2044,"Subsidence","MIKE",19,4,"salix",NA,28.0846801440326,6.28938938439777,4.66488151197565,39.038951040406,39.8293428273779
"161",0.8936,"Subsidence","MIKE",19,5,"salix",NA,11.9958453959341,2.52317903754897,2.43361838736077,16.9526428208439,17.1142184166039
"162",1.8394,"Subsidence","MIKE",20,1,"salix",NA,93.8858132846418,22.9804810405926,11.7423349945232,128.608629319758,132.024801335921
"163",1.493,"Subsidence","MIKE",20,2,"salix",NA,51.801615690771,12.1359285143439,7.45093491635009,71.388479121465,73.1494698684802
"164",2.3974,"Subsidence","MIKE",20,3,"salix",NA,199.771385389028,51.695879815306,20.9215897209594,272.388854925293,279.439338778351
"165",0.6934,"Subsidence","MIKE",20,4,"salix",NA,5.822061516599,1.16107571152314,1.39992624136928,8.38306346949143,8.3484564652996
"166",1.2844,"Subsidence","MIKE",20,5,"salix",NA,33.7340667330626,7.65725140967486,5.36694365991736,46.7582618026548,47.7797383761481
"167",0.9954,"Burned","MIKE",17,1,"salix",NA,16.3142125918134,3.51012647796706,3.07889753835193,22.9032366081324,23.2249740925531
"168",1.3326,"Burned","MIKE",17,2,"salix",NA,37.4685864444709,8.57099838569405,5.81575325596053,51.8553380861255,53.0300927195499
"169",1.0362,"Burned","MIKE",17,3,"salix",NA,18.2930903440386,3.96924016265483,3.36068192939636,25.6230124360897,26.0211976249345
"170",1.4004,"Burned","MIKE",17,4,"salix",NA,43.1609847162736,9.97657404939462,6.48022330361984,59.6177820692881,61.026066240473
"171",1.307,"Burned","MIKE",17,5,"salix",NA,35.4534316404635,8.07705975716699,5.57495248093575,49.1054438785663,50.1974712928411
"172",1.5708,"Burned","MIKE",18,1,"salix",NA,59.8711220642732,14.176856040624,8.32346073025711,82.3714388351544,84.4586340365887
"173",1.1484,"Burned","MIKE",18,3,"salix",NA,24.5210141232877,5.43669713844958,4.20497608103327,34.1626873427705,34.8085263475891
"174",1.1236,"Burned","MIKE",18,4,"salix",NA,23.0417937870906,5.08536223312406,4.00953456342919,32.1366905836438,32.7230009210825
"175",1.0538,"Burned","MIKE",18,5,"salix",NA,19.1925953614974,4.17917033326317,3.48636820679794,26.8581339015585,27.291513245255
"176",0.5324,"Burned","MIKE",19,1,"salix",NA,2.74189795063234,0.517295167357034,0.78697209126379,4.04616520925316,3.95253386505694
"177",0.4898,"Burned","MIKE",19,3,"salix",NA,2.16185409023218,0.400781316187738,0.656147277442002,3.21878268386192,3.12158436494131
"178",0.7602,"Burned","MIKE",19,4,"salix",NA,7.56688736758413,1.53847082794328,1.7107365543274,10.8160947498548,10.8304820243308
"179",0.5282,"Burned","MIKE",19,5,"salix",NA,2.68070043399488,0.504908977139574,0.773501026188055,3.95911043732251,3.86492784418779
"180",0.7164,"Burned","MIKE",20,1,"salix",NA,6.38949079081331,1.28299825039457,1.50314039915077,9.17562944035865,9.15613548926976
"181",1.0414,"Burned","MIKE",20,2,"salix",NA,18.555939060738,4.03050785975354,3.39755658840126,25.9840035088928,26.3924470989421
"182",0.6734,"Burned","MIKE",20,3,"salix",NA,5.35613140077113,1.06161176018042,1.3133962540574,7.73113941500895,7.68484007886279
"183",0.8798,"Burned","MIKE",20,4,"salix",NA,11.4753815064168,2.40582984625004,2.35243383208438,16.2336451847512,16.3767804674665
"184",0.9192,"Unburned","MIKE",17,1,"salix",NA,13.0014382682012,2.75096234575778,2.58817848813559,18.3405791020945,18.5384009786617
"185",2.2106,"Unburned","MIKE",17,2,"salix",NA,158.53560918831,40.3321250427359,17.5304292446334,216.398163475679,222.118993094099
"186",0.8852,"Unburned","MIKE",17,3,"salix",NA,11.6772575384259,2.45130131419931,2.38402416108658,16.5125830137118,16.6628430653382
"187",1.0942,"Unburned","MIKE",17,4,"salix",NA,21.364782618268,4.68906153348543,3.78434932008875,29.8381934718422,30.3574730208801
"188",0.7326,"Unburned","MIKE",17,5,"salix",NA,6.8099442948014,1.37386087502536,1.57822988295821,9.76203505278498,9.75428172307119
"189",2.2704,"Unburned","MIKE",18,1,"salix",NA,171.066366601787,43.764631395036,18.5807642592213,233.411762256045,239.547507978874
"190",1.3782,"Unburned","MIKE",18,2,"salix",NA,41.239439449767,9.50047828076893,6.25836782360635,56.9982855541423,58.3277981311128
"191",1.0586,"Unburned","MIKE",18,3,"salix",NA,19.4427968796168,4.23769387136972,3.52108012965112,27.2015708806376,27.6447823407008
"192",0.5594,"Unburned","MIKE",18,4,"salix",NA,3.15705298231213,0.60183956069212,0.876587667272749,4.635480210277,4.54649266472389
"193",0.9546,"Unburned","MIKE",18,5,"salix",NA,14.4798455398531,3.08818688216852,2.81041921760091,20.3784516396226,20.6308240008297
"194",0.5196,"Unburned","MIKE",19,4,"salix",NA,2.5581729912312,0.480172820417127,0.746309756974395,3.78465556862272,3.6894837355299
"195",1.6984,"Unburned","MIKE",19,1,"salix",NA,74.7974513353134,18.0041382989484,9.8684182540877,102.67000788835,105.350129514275
"196",0.7362,"Unburned","MIKE",19,2,"salix",NA,6.90575109469792,1.39462416509244,1.59518575085123,9.89556101064159,9.89054169863327
"197",0.388,"Unburned","MIKE",19,3,"salix",NA,1.11286701820921,0.196460424582194,0.394833097396887,1.70416054018829,1.61441695732123
"198",0.4432,"Unburned","MIKE",19,5,"salix",NA,1.62585625428364,0.295151665506411,0.527652314868536,2.44866023465859,2.35233529316853
"199",0.316,"Unburned","MIKE",20,2,"salix",NA,0.61998479555415,0.104831661911699,0.252393536609583,0.977209994075432,0.903101099431149
"200",0.3806,"Unburned","MIKE",20,3,"salix",NA,1.0534377756261,0.185218548676681,0.378601506761436,1.61725783106422,1.52879264883714
"201",0.5478,"Unburned","MIKE",20,4,"salix",NA,2.97403197263014,0.564460301503977,0.837445223579788,4.3759374977139,4.28471821907857
"202",0.712,"Unburned","MIKE",20,5,"salix",NA,6.27828223909639,1.25903782726989,1.48308750215051,9.02040756851678,8.99788232579588
"203",1.0836,"Subsidence","SETH",9,1,"salix",NA,20.7801889983662,4.55144319518063,3.70488558959511,29.0365177831419,29.53256624963
"204",1.5158,"Subsidence","SETH",9,2,"salix",NA,54.0881685586218,12.7120098385916,7.70122366998975,74.5014020672031,76.3551811611734
"205",0.8612,"Subsidence","SETH",9,4,"salix",NA,10.7974030661835,2.25355573071328,2.24536606717925,15.2963248640761,15.4158085104981
"206",1.0498,"Subsidence","SETH",9,3,"salix",NA,18.9856982276386,4.13081834800999,3.45758374815393,26.5741003238025,26.9993628715344
"207",1.1168,"Subsidence","SETH",9,5,"salix",NA,22.646586925462,4.99177197092919,3.95682435814664,31.5951832545378,32.1656494159697
"208",1.8484,"Subsidence","SETH",10,1,"salix",NA,95.2009624840473,23.3262880927574,11.8679465441921,130.395197120997,133.861132073039
"209",0.6524,"Subsidence","SETH",10,2,"salix",NA,4.89370310638117,0.963524344861363,1.22574690460399,7.08297435584652,7.02581018526599
"210",0.761,"Subsidence","SETH",10,3,"salix",NA,7.58960415563438,1.54343039168803,1.71466364865255,10.847698195975,10.8627680395884
"211",0.7726,"Subsidence","SETH",10,5,"salix",NA,7.92398709228404,1.61655837400976,1.77215475079158,11.3127002170854,11.3379291544424
"212",0.8248,"Subsidence","SETH",10,5,"salix",NA,9.54699098687998,1.97458973023835,2.04362144325493,13.5652021603733,13.6423319621381
"213",0.9626,"Subsidence","SETH",11,1,"salix",NA,14.8283745380948,3.16806673540092,2.86201798157394,20.8584592550697,21.1238805718837
"214",1.018,"Subsidence","SETH",11,2,"salix",NA,17.3921799754312,3.75974333963527,3.23333382114533,24.3852571362118,24.7484576782445
"215",1.0682,"Subsidence","SETH",11,3,"salix",NA,19.9495309197509,4.35639121206338,3.59106279564964,27.8969849274639,28.3601622119767
"216",0.9318,"Subsidence","SETH",11,4,"salix",NA,13.515825186842,2.86798898274909,2.6661457566246,19.0499599262157,19.2666046370132
"217",0.8814,"Subsidence","SETH",11,5,"salix",NA,11.5349584679682,2.41924314571275,2.36177015193553,16.3159717656164,16.461205924928
"218",0.9084,"Subsidence","SETH",12,1,"salix",NA,12.5707926048581,2.65324895681368,2.5223452016213,17.7463867632931,17.928592345098
"219",0.7208,"Subsidence","SETH",12,2,"salix",NA,6.5019701415217,1.30726375018866,1.52333915475255,9.33257304646291,9.31617737842284
"220",1.209,"Subsidence","SETH",12,3,"salix",NA,28.3914655438526,6.36318395577506,4.70380950010833,39.458458999736,40.2613523660992
"221",0.8822,"Subsidence","SETH",12,4,"salix",NA,11.5648220843947,2.42596863427776,2.36644581905454,16.357236537727,16.5035239747206
"222",1.1284,"Subsidence","SETH",12,5,"salix",NA,23.3234410211086,5.15213240041312,4.04696918874839,32.5225426102701,33.1201607858867
"223",1.8932,"Burned","SETH",9,1,"salix",NA,101.925503757402,25.0998586125768,12.5039938055308,139.52935617551,143.247816321637
"224",1.3306,"Burned","SETH",9,3,"salix",NA,37.3085424882461,8.53169667002298,5.7967421249356,51.6369812832046,52.8051652747561
"225",1.5622,"Burned","SETH",9,2,"salix",NA,58.9416458916225,13.9406844312871,8.22443835928226,81.1067686821919,83.1565762085134
"226",0.9294,"Burned","SETH",9,4,"salix",NA,13.4168467060224,2.84544478380527,2.65119825715163,18.9134897469793,19.1264988205116
"227",0.8678,"Burned","SETH",10,1,"salix",NA,11.0349112360668,2.30682215672222,2.28304891698724,15.6247823097762,15.7525013233137
"228",0.6076,"Burned","SETH",10,3,"salix",NA,3.99561361548808,0.775033294107183,1.04965630097866,5.82030321057392,5.74460540708891
"229",0.9308,"Burned","SETH",10,4,"salix",NA,13.4745267596936,2.85858100997112,2.65991210369355,18.9930198733583,19.2081468503793
"230",0.8388,"Burned","SETH",10,5,"salix",NA,10.0161162324004,2.07895346694502,2.11999945135825,14.2150691507037,14.3078790703199
"231",1.1106,"Burned","SETH",11,1,"salix",NA,22.2901099443021,4.90745657745966,3.90909394534264,31.1066604671044,31.6628592833054
"232",1.8968,"Burned","SETH",11,2,"salix",NA,102.478850507376,25.2461938947352,12.5558855499195,140.280929952031,144.020027039035
"233",1.4334,"Burned","SETH",11,3,"salix",NA,46.1232545024501,10.7135707608978,6.81775391319547,63.6545791765433,65.1840993958796
"234",1.0234,"Burned","SETH",11,4,"salix",NA,17.6564048997456,3.82110490168022,3.27084066543266,24.7483504668585,25.1217821350389
"235",0.7014,"Burned","SETH",11,5,"salix",NA,6.01554907287291,1.20255577512106,1.43537622738268,8.65348107537666,8.62392621993776
"236",1.2204,"Burned","SETH",12,1,"salix",NA,29.1611146679772,6.54857380914472,4.80103843531773,40.5107269124396,41.3450146605265
"237",1.5128,"Burned","SETH",12,2,"salix",NA,53.7836378196673,12.6351800931421,7.66803512440608,74.0868530372155,75.928289626075
"238",0.855,"Burned","SETH",12,3,"salix",NA,10.5773355168332,2.20427771010971,2.2102760567653,14.9918892837082,15.1037932413652
"239",0.972,"Burned","SETH",12,4,"salix",NA,15.2447992095169,3.26368900694524,2.92329636514596,21.4317845816081,21.7128812374068
"240",1.5972,"Burned","SETH",12,5,"salix",NA,62.7836937454041,14.9186477793449,8.63144815632653,86.3337896810755,88.5378049170471
"241",0.5058,"Unburned","SETH",9,1,"salix",NA,2.36925881347924,0.442206581974503,0.703775635385798,3.51524103083954,3.41886539132098
"242",0.5268,"Unburned","SETH",9,2,"salix",NA,2.66050014847337,0.500825049728192,0.769038636915764,3.93036383511732,3.8360074837681
"243",0.6142,"Unburned","SETH",9,3,"salix",NA,4.12055597461895,0.801083936055434,1.07467161819234,5.99631152886673,5.92295857814198
"244",0.4162,"Unburned","SETH",9,4,"salix",NA,1.35920126425086,0.243508625983048,0.460085889990376,2.06279578022428,1.96900492264067
"245",0.3364,"Unburned","SETH",9,5,"salix",NA,0.740990119202454,0.126949010046789,0.289272028433541,1.15721115768278,1.07801392488824
"246",0.9196,"Unburned","SETH",10,1,"salix",NA,13.0175692586559,2.75462714924531,2.59063439664562,18.3628308045468,18.561240215767
"247",1.003,"Unburned","SETH",10,2,"salix",NA,16.6717240282407,3.59278189071951,3.13037540721415,23.3948813261743,23.7303185229138
"248",0.3474,"Unburned","SETH",10,4,"salix",NA,0.812152945592613,0.140084224152636,0.310291146285882,1.26252831603113,1.18078356884493
"249",0.2838,"Unburned","SETH",10,5,"salix",NA,0.456413170614741,0.0754515063749107,0.199676705090275,0.731541382079926,0.666264991390834
"250",0.9124,"Unburned","SETH",11,1,"salix",NA,12.729193603385,2.68916186800912,2.54662085915155,17.9649763305457,18.152910229507
"251",0.6012,"Unburned","SETH",11,2,"salix",NA,3.87683148210229,0.750322641933324,1.02570328825042,5.65285741228603,5.57500957602237
"252",0.638,"Unburned","SETH",11,3,"salix",NA,4.59210476881962,0.899914552540852,1.16753381729166,6.65955313865212,6.59575397634906
"253",0.6272,"Unburned","SETH",11,4,"salix",NA,4.37401325863075,0.854107449885065,1.12487839953152,6.35299910804733,6.28464929767202
"254",0.7132,"Unburned","SETH",12,1,"salix",NA,6.30848619333794,1.26554234598597,1.48854201795969,9.0625705572836,9.04086540594801
"255",0.5344,"Unburned","SETH",12,2,"salix",NA,2.77135547057038,0.523264574199026,0.793431153745793,4.0880511985152,3.99469824863642
"256",0.4908,"Unburned","SETH",12,3,"salix",NA,2.17445704374878,0.403290445759482,0.659071173519438,3.2368186630277,3.13965418141539
